Date,Product,Region,Units_Sold,Price_Per_Unit,Cost_Per_Unit,Total_Sales,Total_Cost,Total_Revenue,Profit
2026-01-01,Cybersecurity Shield,Latin America,27,950,350,25650,9450,25650,16200
2026-01-01,AI Analytics Core,Europe,3,850,300,2550,900,2550,1650
2026-01-01,Hardware Edge Node,North America,11,1500,900,16500,9900,16500,6600
2026-01-01,Hardware Edge Node,Asia-Pacific,47,1500,900,70500,42300,70500,28200
2026-01-01,Cybersecurity Shield,Latin America,41,950,350,38950,14350,38950,24600
2026-01-01,SaaS CRM Engine,Europe,46,600,150,27600,6900,27600,20700
2026-01-01,AI Analytics Core,North America,42,850,300,35700,12600,35700,23100
2026-01-01,AI Analytics Core,North America,37,850,300,31450,11100,31450,20350
2026-01-02,AI Analytics Core,Latin America,21,850,300,17850,6300,17850,11550
2026-01-02,SaaS CRM Engine,Europe,9,600,150,5400,1350,5400,4050
2026-01-02,AI Analytics Core,Europe,35,850,300,29750,10500,29750,19250
2026-01-02,Hardware Edge Node,North America,3,1500,900,4500,2700,4500,1800
2026-01-03,AI Analytics Core,North America,21,850,300,17850,6300,17850,11550
2026-01-04,Enterprise Cloud Suite,North America,22,1200,400,26400,8800,26400,17600
2026-01-04,Enterprise Cloud Suite,Latin America,4,1200,400,4800,1600,4800,3200
2026-01-04,AI Analytics Core,Europe,11,850,300,9350,3300,9350,6050
2026-01-04,SaaS CRM Engine,North America,31,600,150,18600,4650,18600,13950
2026-01-04,Cybersecurity Shield,North America,43,950,350,40850,15050,40850,25800
2026-01-05,Enterprise Cloud Suite,Europe,18,1200,400,21600,7200,21600,14400
2026-01-05,Hardware Edge Node,Latin America,9,1500,900,13500,8100,13500,5400
2026-01-05,Cybersecurity Shield,Latin America,35,950,350,33250,12250,33250,21000
2026-01-05,Enterprise Cloud Suite,Asia-Pacific,18,1200,400,21600,7200,21600,14400
2026-01-05,Cybersecurity Shield,Europe,45,950,350,42750,15750,42750,27000
2026-01-05,SaaS CRM Engine,Latin America,15,600,150,9000,2250,9000,6750
2026-01-05,Cybersecurity Shield,Asia-Pacific,41,950,350,38950,14350,38950,24600
2026-01-06,SaaS CRM Engine,Latin America,4,600,150,2400,600,2400,1800
2026-01-06,AI Analytics Core,North America,4,850,300,3400,1200,3400,2200
2026-01-06,Cybersecurity Shield,Asia-Pacific,18,950,350,17100,6300,17100,10800
2026-01-06,AI Analytics Core,Europe,3,850,300,2550,900,2550,1650
2026-01-07,Enterprise Cloud Suite,Latin America,29,1200,400,34800,11600,34800,23200
2026-01-07,AI Analytics Core,North America,5,850,300,4250,1500,4250,2750
2026-01-07,Hardware Edge Node,North America,26,1500,900,39000,23400,39000,15600
2026-01-08,AI Analytics Core,Asia-Pacific,29,850,300,24650,8700,24650,15950
2026-01-08,Cybersecurity Shield,Europe,46,950,350,43700,16100,43700,27600
2026-01-08,SaaS CRM Engine,Latin America,20,600,150,12000,3000,12000,9000
2026-01-08,Hardware Edge Node,North America,27,1500,900,40500,24300,40500,16200
2026-01-09,Cybersecurity Shield,Asia-Pacific,23,950,350,21850,8050,21850,13800
2026-01-09,Cybersecurity Shield,Asia-Pacific,29,950,350,27550,10150,27550,17400
2026-01-09,Cybersecurity Shield,Europe,17,950,350,16150,5950,16150,10200
2026-01-09,Enterprise Cloud Suite,Latin America,25,1200,400,30000,10000,30000,20000
2026-01-10,Enterprise Cloud Suite,Europe,4,1200,400,4800,1600,4800,3200
2026-01-10,AI Analytics Core,Europe,41,850,300,34850,12300,34850,22550
2026-01-10,SaaS CRM Engine,Latin America,49,600,150,29400,7350,29400,22050
2026-01-10,SaaS CRM Engine,Europe,6,600,150,3600,900,3600,2700
2026-01-11,SaaS CRM Engine,Europe,5,600,150,3000,750,3000,2250
2026-01-11,SaaS CRM Engine,Latin America,2,600,150,1200,300,1200,900
2026-01-12,Enterprise Cloud Suite,Asia-Pacific,1,1200,400,1200,400,1200,800
2026-01-12,Hardware Edge Node,Europe,22,1500,900,33000,19800,33000,13200
2026-01-12,AI Analytics Core,Latin America,36,850,300,30600,10800,30600,19800
2026-01-13,Cybersecurity Shield,Latin America,34,950,350,32300,11900,32300,20400
2026-01-13,SaaS CRM Engine,Latin America,10,600,150,6000,1500,6000,4500
2026-01-13,AI Analytics Core,Europe,46,850,300,39100,13800,39100,25300
2026-01-13,AI Analytics Core,Asia-Pacific,31,850,300,26350,9300,26350,17050
2026-01-13,Enterprise Cloud Suite,Europe,12,1200,400,14400,4800,14400,9600
2026-01-14,Enterprise Cloud Suite,Europe,26,1200,400,31200,10400,31200,20800
2026-01-14,Enterprise Cloud Suite,Asia-Pacific,32,1200,400,38400,12800,38400,25600
2026-01-14,Enterprise Cloud Suite,Asia-Pacific,26,1200,400,31200,10400,31200,20800
2026-01-14,SaaS CRM Engine,North America,47,600,150,28200,7050,28200,21150
2026-01-14,Enterprise Cloud Suite,Europe,19,1200,400,22800,7600,22800,15200
2026-01-14,Enterprise Cloud Suite,Asia-Pacific,36,1200,400,43200,14400,43200,28800
2026-01-15,SaaS CRM Engine,Latin America,33,600,150,19800,4950,19800,14850
2026-01-15,Enterprise Cloud Suite,Europe,20,1200,400,24000,8000,24000,16000
2026-01-15,AI Analytics Core,Asia-Pacific,47,850,300,39950,14100,39950,25850
2026-01-15,AI Analytics Core,Asia-Pacific,8,850,300,6800,2400,6800,4400
2026-01-15,SaaS CRM Engine,Europe,12,600,150,7200,1800,7200,5400
2026-01-16,AI Analytics Core,Asia-Pacific,35,850,300,29750,10500,29750,19250
2026-01-17,Enterprise Cloud Suite,Latin America,15,1200,400,18000,6000,18000,12000
2026-01-17,Enterprise Cloud Suite,Latin America,17,1200,400,20400,6800,20400,13600
2026-01-18,SaaS CRM Engine,Latin America,11,600,150,6600,1650,6600,4950
2026-01-18,SaaS CRM Engine,North America,10,600,150,6000,1500,6000,4500
2026-01-19,Enterprise Cloud Suite,Asia-Pacific,45,1200,400,54000,18000,54000,36000
2026-01-19,AI Analytics Core,Latin America,18,850,300,15300,5400,15300,9900
2026-01-19,AI Analytics Core,Latin America,33,850,300,28050,9900,28050,18150
2026-01-20,Enterprise Cloud Suite,North America,48,1200,400,57600,19200,57600,38400
2026-01-20,Cybersecurity Shield,Europe,3,950,350,2850,1050,2850,1800
2026-01-20,SaaS CRM Engine,Europe,23,600,150,13800,3450,13800,10350
2026-01-20,Hardware Edge Node,Asia-Pacific,27,1500,900,40500,24300,40500,16200
2026-01-21,Hardware Edge Node,Latin America,47,1500,900,70500,42300,70500,28200
2026-01-21,AI Analytics Core,Europe,37,850,300,31450,11100,31450,20350
2026-01-22,SaaS CRM Engine,Latin America,45,600,150,27000,6750,27000,20250
2026-01-22,AI Analytics Core,Europe,4,850,300,3400,1200,3400,2200
2026-01-22,Enterprise Cloud Suite,Europe,20,1200,400,24000,8000,24000,16000
2026-01-23,Enterprise Cloud Suite,North America,17,1200,400,20400,6800,20400,13600
2026-01-23,SaaS CRM Engine,Asia-Pacific,13,600,150,7800,1950,7800,5850
2026-01-23,Hardware Edge Node,Europe,3,1500,900,4500,2700,4500,1800
2026-01-23,AI Analytics Core,Europe,17,850,300,14450,5100,14450,9350
2026-01-25,SaaS CRM Engine,Latin America,5,600,150,3000,750,3000,2250
2026-01-25,Hardware Edge Node,North America,4,1500,900,6000,3600,6000,2400
2026-01-25,Hardware Edge Node,Asia-Pacific,46,1500,900,69000,41400,69000,27600
2026-01-25,Enterprise Cloud Suite,Asia-Pacific,32,1200,400,38400,12800,38400,25600
2026-01-25,SaaS CRM Engine,Europe,11,600,150,6600,1650,6600,4950
2026-01-26,Cybersecurity Shield,Latin America,45,950,350,42750,15750,42750,27000
2026-01-26,Cybersecurity Shield,Asia-Pacific,5,950,350,4750,1750,4750,3000
2026-01-26,Hardware Edge Node,Latin America,48,1500,900,72000,43200,72000,28800
2026-01-27,Enterprise Cloud Suite,Latin America,14,1200,400,16800,5600,16800,11200
2026-01-28,Cybersecurity Shield,Latin America,45,950,350,42750,15750,42750,27000
2026-01-28,Hardware Edge Node,Latin America,29,1500,900,43500,26100,43500,17400
2026-01-28,SaaS CRM Engine,North America,29,600,150,17400,4350,17400,13050
2026-01-28,AI Analytics Core,Europe,21,850,300,17850,6300,17850,11550
2026-01-28,Cybersecurity Shield,Asia-Pacific,11,950,350,10450,3850,10450,6600
2026-01-29,Cybersecurity Shield,Asia-Pacific,34,950,350,32300,11900,32300,20400
2026-01-29,Enterprise Cloud Suite,Latin America,47,1200,400,56400,18800,56400,37600
2026-01-29,AI Analytics Core,North America,23,850,300,19550,6900,19550,12650
2026-01-29,Cybersecurity Shield,Asia-Pacific,32,950,350,30400,11200,30400,19200
2026-01-30,AI Analytics Core,Latin America,48,850,300,40800,14400,40800,26400
2026-01-31,AI Analytics Core,Latin America,7,850,300,5950,2100,5950,3850
2026-02-01,Enterprise Cloud Suite,Asia-Pacific,20,1200,400,24000,8000,24000,16000
2026-02-02,Enterprise Cloud Suite,North America,22,1200,400,26400,8800,26400,17600
2026-02-02,Cybersecurity Shield,North America,15,950,350,14250,5250,14250,9000
2026-02-02,Enterprise Cloud Suite,Europe,46,1200,400,55200,18400,55200,36800
2026-02-03,Cybersecurity Shield,Asia-Pacific,26,950,350,24700,9100,24700,15600
2026-02-03,Hardware Edge Node,Asia-Pacific,47,1500,900,70500,42300,70500,28200
2026-02-03,SaaS CRM Engine,North America,10,600,150,6000,1500,6000,4500
2026-02-03,SaaS CRM Engine,North America,40,600,150,24000,6000,24000,18000
2026-02-04,Enterprise Cloud Suite,Latin America,21,1200,400,25200,8400,25200,16800
2026-02-04,AI Analytics Core,Europe,28,850,300,23800,8400,23800,15400
2026-02-04,SaaS CRM Engine,North America,24,600,150,14400,3600,14400,10800
2026-02-04,Enterprise Cloud Suite,Latin America,41,1200,400,49200,16400,49200,32800
2026-02-04,Enterprise Cloud Suite,Asia-Pacific,25,1200,400,30000,10000,30000,20000
2026-02-04,AI Analytics Core,North America,11,850,300,9350,3300,9350,6050
2026-02-05,Cybersecurity Shield,Europe,44,950,350,41800,15400,41800,26400
2026-02-05,Enterprise Cloud Suite,North America,46,1200,400,55200,18400,55200,36800
2026-02-05,Cybersecurity Shield,Europe,17,950,350,16150,5950,16150,10200
2026-02-05,Cybersecurity Shield,Asia-Pacific,21,950,350,19950,7350,19950,12600
2026-02-05,Cybersecurity Shield,North America,37,950,350,35150,12950,35150,22200
2026-02-06,Enterprise Cloud Suite,Asia-Pacific,38,1200,400,45600,15200,45600,30400
2026-02-06,Enterprise Cloud Suite,Europe,47,1200,400,56400,18800,56400,37600
2026-02-06,AI Analytics Core,North America,14,850,300,11900,4200,11900,7700
2026-02-07,Enterprise Cloud Suite,Europe,26,1200,400,31200,10400,31200,20800
2026-02-07,AI Analytics Core,North America,16,850,300,13600,4800,13600,8800
2026-02-07,AI Analytics Core,North America,10,850,300,8500,3000,8500,5500
2026-02-07,AI Analytics Core,Europe,8,850,300,6800,2400,6800,4400
2026-02-07,Enterprise Cloud Suite,Asia-Pacific,16,1200,400,19200,6400,19200,12800
2026-02-08,Enterprise Cloud Suite,Latin America,19,1200,400,22800,7600,22800,15200
2026-02-08,Cybersecurity Shield,Latin America,16,950,350,15200,5600,15200,9600
2026-02-08,Enterprise Cloud Suite,North America,19,1200,400,22800,7600,22800,15200
2026-02-08,Enterprise Cloud Suite,North America,43,1200,400,51600,17200,51600,34400
2026-02-08,AI Analytics Core,Latin America,41,850,300,34850,12300,34850,22550
2026-02-08,Cybersecurity Shield,Asia-Pacific,8,950,350,7600,2800,7600,4800
2026-02-08,Enterprise Cloud Suite,Asia-Pacific,25,1200,400,30000,10000,30000,20000
2026-02-08,AI Analytics Core,North America,20,850,300,17000,6000,17000,11000
2026-02-09,AI Analytics Core,Europe,10,850,300,8500,3000,8500,5500
2026-02-09,AI Analytics Core,Europe,39,850,300,33150,11700,33150,21450
2026-02-10,SaaS CRM Engine,Asia-Pacific,41,600,150,24600,6150,24600,18450
2026-02-10,Hardware Edge Node,Europe,38,1500,900,57000,34200,57000,22800
2026-02-10,Enterprise Cloud Suite,North America,44,1200,400,52800,17600,52800,35200
2026-02-11,AI Analytics Core,Asia-Pacific,22,850,300,18700,6600,18700,12100
2026-02-11,AI Analytics Core,Europe,45,850,300,38250,13500,38250,24750
2026-02-11,Enterprise Cloud Suite,North America,24,1200,400,28800,9600,28800,19200
2026-02-11,Cybersecurity Shield,Europe,39,950,350,37050,13650,37050,23400
2026-02-11,Cybersecurity Shield,North America,48,950,350,45600,16800,45600,28800
2026-02-12,Cybersecurity Shield,Latin America,32,950,350,30400,11200,30400,19200
2026-02-12,Cybersecurity Shield,Asia-Pacific,22,950,350,20900,7700,20900,13200
2026-02-13,Enterprise Cloud Suite,Latin America,24,1200,400,28800,9600,28800,19200
2026-02-13,AI Analytics Core,Europe,36,850,300,30600,10800,30600,19800
2026-02-13,AI Analytics Core,Latin America,12,850,300,10200,3600,10200,6600
2026-02-13,AI Analytics Core,Asia-Pacific,17,850,300,14450,5100,14450,9350
2026-02-14,AI Analytics Core,Latin America,3,850,300,2550,900,2550,1650
2026-02-15,Cybersecurity Shield,North America,1,950,350,950,350,950,600
2026-02-15,SaaS CRM Engine,Latin America,13,600,150,7800,1950,7800,5850
2026-02-15,SaaS CRM Engine,Europe,26,600,150,15600,3900,15600,11700
2026-02-16,AI Analytics Core,Latin America,11,850,300,9350,3300,9350,6050
2026-02-16,Cybersecurity Shield,North America,29,950,350,27550,10150,27550,17400
2026-02-16,AI Analytics Core,Asia-Pacific,34,850,300,28900,10200,28900,18700
2026-02-16,Enterprise Cloud Suite,Latin America,19,1200,400,22800,7600,22800,15200
2026-02-16,SaaS CRM Engine,Latin America,45,600,150,27000,6750,27000,20250
2026-02-16,AI Analytics Core,Europe,48,850,300,40800,14400,40800,26400
2026-02-17,Enterprise Cloud Suite,North America,22,1200,400,26400,8800,26400,17600
2026-02-17,Cybersecurity Shield,Asia-Pacific,37,950,350,35150,12950,35150,22200
2026-02-17,Enterprise Cloud Suite,North America,27,1200,400,32400,10800,32400,21600
2026-02-18,AI Analytics Core,Latin America,15,850,300,12750,4500,12750,8250
2026-02-18,SaaS CRM Engine,Asia-Pacific,49,600,150,29400,7350,29400,22050
2026-02-18,AI Analytics Core,North America,46,850,300,39100,13800,39100,25300
2026-02-18,Enterprise Cloud Suite,Europe,47,1200,400,56400,18800,56400,37600
2026-02-19,Cybersecurity Shield,Latin America,39,950,350,37050,13650,37050,23400
2026-02-20,Enterprise Cloud Suite,Latin America,35,1200,400,42000,14000,42000,28000
2026-02-20,SaaS CRM Engine,Europe,12,600,150,7200,1800,7200,5400
2026-02-20,AI Analytics Core,Asia-Pacific,37,850,300,31450,11100,31450,20350
2026-02-20,Enterprise Cloud Suite,Asia-Pacific,44,1200,400,52800,17600,52800,35200
2026-02-20,Cybersecurity Shield,Latin America,10,950,350,9500,3500,9500,6000
2026-02-20,AI Analytics Core,Asia-Pacific,17,850,300,14450,5100,14450,9350
2026-02-20,SaaS CRM Engine,Latin America,8,600,150,4800,1200,4800,3600
2026-02-20,SaaS CRM Engine,Europe,1,600,150,600,150,600,450
2026-02-21,Cybersecurity Shield,Asia-Pacific,37,950,350,35150,12950,35150,22200
2026-02-21,AI Analytics Core,Europe,7,850,300,5950,2100,5950,3850
2026-02-21,Cybersecurity Shield,Latin America,32,950,350,30400,11200,30400,19200
2026-02-22,Enterprise Cloud Suite,Latin America,9,1200,400,10800,3600,10800,7200
2026-02-22,AI Analytics Core,Latin America,11,850,300,9350,3300,9350,6050
2026-02-22,Cybersecurity Shield,Europe,28,950,350,26600,9800,26600,16800
2026-02-22,AI Analytics Core,North America,43,850,300,36550,12900,36550,23650
2026-02-22,AI Analytics Core,North America,9,850,300,7650,2700,7650,4950
2026-02-22,Cybersecurity Shield,Latin America,34,950,350,32300,11900,32300,20400
2026-02-22,AI Analytics Core,Europe,18,850,300,15300,5400,15300,9900
2026-02-22,Enterprise Cloud Suite,North America,47,1200,400,56400,18800,56400,37600
2026-02-23,SaaS CRM Engine,Latin America,5,600,150,3000,750,3000,2250
2026-02-23,Enterprise Cloud Suite,Asia-Pacific,43,1200,400,51600,17200,51600,34400
2026-02-23,Enterprise Cloud Suite,Europe,11,1200,400,13200,4400,13200,8800
2026-02-23,AI Analytics Core,Asia-Pacific,8,850,300,6800,2400,6800,4400
2026-02-23,Hardware Edge Node,Latin America,22,1500,900,33000,19800,33000,13200
2026-02-23,AI Analytics Core,Asia-Pacific,35,850,300,29750,10500,29750,19250
2026-02-23,Enterprise Cloud Suite,North America,13,1200,400,15600,5200,15600,10400
2026-02-23,AI Analytics Core,North America,7,850,300,5950,2100,5950,3850
2026-02-24,AI Analytics Core,Asia-Pacific,28,850,300,23800,8400,23800,15400
2026-02-24,SaaS CRM Engine,Asia-Pacific,41,600,150,24600,6150,24600,18450
2026-02-24,AI Analytics Core,Asia-Pacific,16,850,300,13600,4800,13600,8800
2026-02-24,Cybersecurity Shield,Asia-Pacific,41,950,350,38950,14350,38950,24600
2026-02-25,Enterprise Cloud Suite,North America,12,1200,400,14400,4800,14400,9600
2026-02-25,Hardware Edge Node,Latin America,1,1500,900,1500,900,1500,600
2026-02-26,Cybersecurity Shield,Asia-Pacific,23,950,350,21850,8050,21850,13800
2026-02-27,AI Analytics Core,Europe,38,850,300,32300,11400,32300,20900
2026-02-27,AI Analytics Core,Europe,35,850,300,29750,10500,29750,19250
2026-02-27,AI Analytics Core,Latin America,37,850,300,31450,11100,31450,20350
2026-02-27,AI Analytics Core,Asia-Pacific,35,850,300,29750,10500,29750,19250
2026-02-27,Enterprise Cloud Suite,Latin America,19,1200,400,22800,7600,22800,15200
2026-02-27,Enterprise Cloud Suite,North America,31,1200,400,37200,12400,37200,24800
2026-02-28,SaaS CRM Engine,North America,41,600,150,24600,6150,24600,18450
2026-02-28,AI Analytics Core,Latin America,44,850,300,37400,13200,37400,24200
2026-03-01,Enterprise Cloud Suite,Asia-Pacific,38,1200,400,45600,15200,45600,30400
2026-03-01,SaaS CRM Engine,Asia-Pacific,25,600,150,15000,3750,15000,11250
2026-03-01,SaaS CRM Engine,North America,39,600,150,23400,5850,23400,17550
2026-03-02,Cybersecurity Shield,Asia-Pacific,34,950,350,32300,11900,32300,20400
2026-03-02,AI Analytics Core,Latin America,26,850,300,22100,7800,22100,14300
2026-03-03,Hardware Edge Node,Latin America,7,1500,900,10500,6300,10500,4200
2026-03-03,Enterprise Cloud Suite,North America,36,1200,400,43200,14400,43200,28800
2026-03-03,Enterprise Cloud Suite,Latin America,11,1200,400,13200,4400,13200,8800
2026-03-03,Cybersecurity Shield,Latin America,10,950,350,9500,3500,9500,6000
2026-03-03,Enterprise Cloud Suite,Asia-Pacific,2,1200,400,2400,800,2400,1600
2026-03-04,SaaS CRM Engine,North America,17,600,150,10200,2550,10200,7650
2026-03-04,AI Analytics Core,North America,49,850,300,41650,14700,41650,26950
2026-03-04,Cybersecurity Shield,North America,48,950,350,45600,16800,45600,28800
2026-03-04,AI Analytics Core,Latin America,20,850,300,17000,6000,17000,11000
2026-03-04,Enterprise Cloud Suite,Latin America,19,1200,400,22800,7600,22800,15200
2026-03-04,AI Analytics Core,Latin America,22,850,300,18700,6600,18700,12100
2026-03-04,SaaS CRM Engine,Latin America,21,600,150,12600,3150,12600,9450
2026-03-04,AI Analytics Core,North America,34,850,300,28900,10200,28900,18700
2026-03-06,AI Analytics Core,North America,26,850,300,22100,7800,22100,14300
2026-03-06,Cybersecurity Shield,Europe,6,950,350,5700,2100,5700,3600
2026-03-06,Cybersecurity Shield,Europe,24,950,350,22800,8400,22800,14400
2026-03-07,AI Analytics Core,North America,28,850,300,23800,8400,23800,15400
2026-03-07,Enterprise Cloud Suite,North America,22,1200,400,26400,8800,26400,17600
2026-03-08,Cybersecurity Shield,Latin America,25,950,350,23750,8750,23750,15000
2026-03-08,Cybersecurity Shield,Asia-Pacific,49,950,350,46550,17150,46550,29400
2026-03-08,Cybersecurity Shield,North America,35,950,350,33250,12250,33250,21000
2026-03-09,Enterprise Cloud Suite,North America,15,1200,400,18000,6000,18000,12000
2026-03-09,Enterprise Cloud Suite,Europe,28,1200,400,33600,11200,33600,22400
2026-03-10,Enterprise Cloud Suite,Europe,19,1200,400,22800,7600,22800,15200
2026-03-10,Enterprise Cloud Suite,Asia-Pacific,4,1200,400,4800,1600,4800,3200
2026-03-10,Cybersecurity Shield,Asia-Pacific,45,950,350,42750,15750,42750,27000
2026-03-10,AI Analytics Core,Europe,9,850,300,7650,2700,7650,4950
2026-03-10,Enterprise Cloud Suite,Latin America,23,1200,400,27600,9200,27600,18400
2026-03-10,Enterprise Cloud Suite,North America,47,1200,400,56400,18800,56400,37600
2026-03-11,Hardware Edge Node,North America,44,1500,900,66000,39600,66000,26400
2026-03-11,Enterprise Cloud Suite,Latin America,45,1200,400,54000,18000,54000,36000
2026-03-13,AI Analytics Core,Asia-Pacific,1,850,300,850,300,850,550
2026-03-13,AI Analytics Core,North America,4,850,300,3400,1200,3400,2200
2026-03-14,Cybersecurity Shield,North America,23,950,350,21850,8050,21850,13800
2026-03-15,Enterprise Cloud Suite,Asia-Pacific,44,1200,400,52800,17600,52800,35200
2026-03-16,AI Analytics Core,Asia-Pacific,36,850,300,30600,10800,30600,19800
2026-03-16,Cybersecurity Shield,North America,28,950,350,26600,9800,26600,16800
2026-03-16,Enterprise Cloud Suite,North America,47,1200,400,56400,18800,56400,37600
2026-03-16,Hardware Edge Node,Europe,27,1500,900,40500,24300,40500,16200
2026-03-16,Enterprise Cloud Suite,Latin America,42,1200,400,50400,16800,50400,33600
2026-03-16,Enterprise Cloud Suite,Europe,25,1200,400,30000,10000,30000,20000
2026-03-17,Cybersecurity Shield,North America,25,950,350,23750,8750,23750,15000
2026-03-17,AI Analytics Core,Latin America,16,850,300,13600,4800,13600,8800
2026-03-17,AI Analytics Core,Asia-Pacific,15,850,300,12750,4500,12750,8250
2026-03-17,AI Analytics Core,Latin America,38,850,300,32300,11400,32300,20900
2026-03-19,AI Analytics Core,Europe,45,850,300,38250,13500,38250,24750
2026-03-19,Cybersecurity Shield,North America,24,950,350,22800,8400,22800,14400
2026-03-19,Cybersecurity Shield,Latin America,13,950,350,12350,4550,12350,7800
2026-03-19,AI Analytics Core,Asia-Pacific,8,850,300,6800,2400,6800,4400
2026-03-19,Cybersecurity Shield,Europe,7,950,350,6650,2450,6650,4200
2026-03-19,Enterprise Cloud Suite,North America,22,1200,400,26400,8800,26400,17600
2026-03-21,Enterprise Cloud Suite,Asia-Pacific,26,1200,400,31200,10400,31200,20800
2026-03-22,Enterprise Cloud Suite,Latin America,37,1200,400,44400,14800,44400,29600
2026-03-22,AI Analytics Core,North America,40,850,300,34000,12000,34000,22000
2026-03-22,AI Analytics Core,Europe,33,850,300,28050,9900,28050,18150
2026-03-22,Enterprise Cloud Suite,North America,44,1200,400,52800,17600,52800,35200
2026-03-22,AI Analytics Core,Asia-Pacific,27,850,300,22950,8100,22950,14850
2026-03-23,AI Analytics Core,Europe,20,850,300,17000,6000,17000,11000
2026-03-23,AI Analytics Core,Europe,28,850,300,23800,8400,23800,15400
2026-03-24,AI Analytics Core,North America,2,850,300,1700,600,1700,1100
2026-03-24,Enterprise Cloud Suite,North America,24,1200,400,28800,9600,28800,19200
2026-03-25,Enterprise Cloud Suite,Asia-Pacific,39,1200,400,46800,15600,46800,31200
2026-03-25,Enterprise Cloud Suite,North America,9,1200,400,10800,3600,10800,7200
2026-03-25,Enterprise Cloud Suite,Europe,32,1200,400,38400,12800,38400,25600
2026-03-26,Cybersecurity Shield,North America,8,950,350,7600,2800,7600,4800
2026-03-26,AI Analytics Core,Asia-Pacific,27,850,300,22950,8100,22950,14850
2026-03-27,Enterprise Cloud Suite,Asia-Pacific,48,1200,400,57600,19200,57600,38400
2026-03-27,AI Analytics Core,North America,32,850,300,27200,9600,27200,17600
2026-03-27,Enterprise Cloud Suite,Latin America,33,1200,400,39600,13200,39600,26400
2026-03-27,Enterprise Cloud Suite,Latin America,29,1200,400,34800,11600,34800,23200
2026-03-28,Enterprise Cloud Suite,Europe,20,1200,400,24000,8000,24000,16000
2026-03-29,Enterprise Cloud Suite,North America,34,1200,400,40800,13600,40800,27200
2026-03-29,AI Analytics Core,Latin America,38,850,300,32300,11400,32300,20900
2026-03-30,Enterprise Cloud Suite,Europe,15,1200,400,18000,6000,18000,12000
2026-03-30,SaaS CRM Engine,Latin America,6,600,150,3600,900,3600,2700
2026-03-30,Hardware Edge Node,Asia-Pacific,11,1500,900,16500,9900,16500,6600
2026-03-30,Cybersecurity Shield,Latin America,13,950,350,12350,4550,12350,7800
2026-03-31,SaaS CRM Engine,Asia-Pacific,36,600,150,21600,5400,21600,16200
2026-03-31,Enterprise Cloud Suite,Europe,5,1200,400,6000,2000,6000,4000
2026-03-31,Enterprise Cloud Suite,Europe,30,1200,400,36000,12000,36000,24000
2026-03-31,Enterprise Cloud Suite,Latin America,47,1200,400,56400,18800,56400,37600
2026-03-31,AI Analytics Core,Europe,12,850,300,10200,3600,10200,6600
2026-04-01,Cybersecurity Shield,Latin America,25,950,350,23750,8750,23750,15000
2026-04-02,AI Analytics Core,Asia-Pacific,27,850,300,22950,8100,22950,14850
2026-04-02,Enterprise Cloud Suite,North America,40,1200,400,48000,16000,48000,32000
2026-04-02,Cybersecurity Shield,North America,41,950,350,38950,14350,38950,24600
2026-04-02,Enterprise Cloud Suite,Europe,2,1200,400,2400,800,2400,1600
2026-04-02,Enterprise Cloud Suite,Asia-Pacific,4,1200,400,4800,1600,4800,3200
2026-04-02,Enterprise Cloud Suite,Latin America,45,1200,400,54000,18000,54000,36000
2026-04-03,AI Analytics Core,Latin America,17,850,300,14450,5100,14450,9350
2026-04-03,SaaS CRM Engine,Latin America,39,600,150,23400,5850,23400,17550
2026-04-04,Enterprise Cloud Suite,North America,38,1200,400,45600,15200,45600,30400
2026-04-04,AI Analytics Core,North America,45,850,300,38250,13500,38250,24750
2026-04-04,Cybersecurity Shield,North America,22,950,350,20900,7700,20900,13200
2026-04-05,Cybersecurity Shield,Asia-Pacific,14,950,350,13300,4900,13300,8400
2026-04-05,Hardware Edge Node,Latin America,23,1500,900,34500,20700,34500,13800
2026-04-05,Cybersecurity Shield,North America,30,950,350,28500,10500,28500,18000
2026-04-05,SaaS CRM Engine,North America,20,600,150,12000,3000,12000,9000
2026-04-05,Enterprise Cloud Suite,Europe,33,1200,400,39600,13200,39600,26400
2026-04-05,Enterprise Cloud Suite,Europe,41,1200,400,49200,16400,49200,32800
2026-04-05,Enterprise Cloud Suite,Europe,17,1200,400,20400,6800,20400,13600
2026-04-06,Cybersecurity Shield,Asia-Pacific,36,950,350,34200,12600,34200,21600
2026-04-06,SaaS CRM Engine,Asia-Pacific,10,600,150,6000,1500,6000,4500
2026-04-06,SaaS CRM Engine,Asia-Pacific,40,600,150,24000,6000,24000,18000
2026-04-06,AI Analytics Core,Europe,8,850,300,6800,2400,6800,4400
2026-04-06,SaaS CRM Engine,Europe,41,600,150,24600,6150,24600,18450
2026-04-06,Enterprise Cloud Suite,North America,3,1200,400,3600,1200,3600,2400
2026-04-07,Enterprise Cloud Suite,Latin America,16,1200,400,19200,6400,19200,12800
2026-04-07,AI Analytics Core,North America,18,850,300,15300,5400,15300,9900
2026-04-07,SaaS CRM Engine,Europe,32,600,150,19200,4800,19200,14400
2026-04-07,AI Analytics Core,Europe,15,850,300,12750,4500,12750,8250
2026-04-08,AI Analytics Core,Latin America,18,850,300,15300,5400,15300,9900
2026-04-08,AI Analytics Core,Europe,3,850,300,2550,900,2550,1650
2026-04-08,AI Analytics Core,Latin America,25,850,300,21250,7500,21250,13750
2026-04-08,SaaS CRM Engine,North America,40,600,150,24000,6000,24000,18000
2026-04-09,AI Analytics Core,Latin America,32,850,300,27200,9600,27200,17600
2026-04-09,Cybersecurity Shield,Europe,47,950,350,44650,16450,44650,28200
2026-04-09,AI Analytics Core,North America,9,850,300,7650,2700,7650,4950
2026-04-09,Cybersecurity Shield,North America,26,950,350,24700,9100,24700,15600
2026-04-09,AI Analytics Core,North America,39,850,300,33150,11700,33150,21450
2026-04-09,Cybersecurity Shield,Latin America,24,950,350,22800,8400,22800,14400
2026-04-09,SaaS CRM Engine,Latin America,14,600,150,8400,2100,8400,6300
2026-04-09,Hardware Edge Node,Europe,10,1500,900,15000,9000,15000,6000
2026-04-09,Hardware Edge Node,Asia-Pacific,6,1500,900,9000,5400,9000,3600
2026-04-10,Cybersecurity Shield,Latin America,44,950,350,41800,15400,41800,26400
2026-04-10,Enterprise Cloud Suite,Latin America,45,1200,400,54000,18000,54000,36000
2026-04-10,Enterprise Cloud Suite,Europe,12,1200,400,14400,4800,14400,9600
2026-04-10,SaaS CRM Engine,North America,7,600,150,4200,1050,4200,3150
2026-04-11,Cybersecurity Shield,Latin America,37,950,350,35150,12950,35150,22200
2026-04-11,Enterprise Cloud Suite,Europe,42,1200,400,50400,16800,50400,33600
2026-04-11,Cybersecurity Shield,Europe,37,950,350,35150,12950,35150,22200
2026-04-11,Enterprise Cloud Suite,Latin America,17,1200,400,20400,6800,20400,13600
2026-04-11,AI Analytics Core,Asia-Pacific,17,850,300,14450,5100,14450,9350
2026-04-11,Hardware Edge Node,Europe,8,1500,900,12000,7200,12000,4800
2026-04-11,Cybersecurity Shield,North America,47,950,350,44650,16450,44650,28200
2026-04-13,SaaS CRM Engine,Asia-Pacific,43,600,150,25800,6450,25800,19350
2026-04-13,SaaS CRM Engine,Latin America,32,600,150,19200,4800,19200,14400
2026-04-13,AI Analytics Core,Asia-Pacific,41,850,300,34850,12300,34850,22550
2026-04-13,Hardware Edge Node,Latin America,21,1500,900,31500,18900,31500,12600
2026-04-14,Enterprise Cloud Suite,Europe,31,1200,400,37200,12400,37200,24800
2026-04-14,Enterprise Cloud Suite,Europe,43,1200,400,51600,17200,51600,34400
2026-04-14,Enterprise Cloud Suite,Europe,18,1200,400,21600,7200,21600,14400
2026-04-14,Enterprise Cloud Suite,North America,6,1200,400,7200,2400,7200,4800
2026-04-14,Enterprise Cloud Suite,Latin America,6,1200,400,7200,2400,7200,4800
2026-04-14,Cybersecurity Shield,Europe,1,950,350,950,350,950,600
2026-04-14,Enterprise Cloud Suite,Asia-Pacific,19,1200,400,22800,7600,22800,15200
2026-04-15,Enterprise Cloud Suite,Europe,29,1200,400,34800,11600,34800,23200
2026-04-15,AI Analytics Core,Asia-Pacific,26,850,300,22100,7800,22100,14300
2026-04-16,SaaS CRM Engine,North America,31,600,150,18600,4650,18600,13950
2026-04-16,AI Analytics Core,Asia-Pacific,28,850,300,23800,8400,23800,15400
2026-04-16,Cybersecurity Shield,Latin America,17,950,350,16150,5950,16150,10200
2026-04-16,SaaS CRM Engine,Latin America,22,600,150,13200,3300,13200,9900
2026-04-17,SaaS CRM Engine,North America,17,600,150,10200,2550,10200,7650
2026-04-17,SaaS CRM Engine,Asia-Pacific,22,600,150,13200,3300,13200,9900
2026-04-18,Enterprise Cloud Suite,Asia-Pacific,30,1200,400,36000,12000,36000,24000
2026-04-18,Enterprise Cloud Suite,Europe,16,1200,400,19200,6400,19200,12800
2026-04-19,Enterprise Cloud Suite,Europe,30,1200,400,36000,12000,36000,24000
2026-04-19,Enterprise Cloud Suite,Asia-Pacific,1,1200,400,1200,400,1200,800
2026-04-19,Cybersecurity Shield,Europe,8,950,350,7600,2800,7600,4800
2026-04-20,Hardware Edge Node,Latin America,7,1500,900,10500,6300,10500,4200
2026-04-21,SaaS CRM Engine,Europe,45,600,150,27000,6750,27000,20250
2026-04-21,Enterprise Cloud Suite,Europe,47,1200,400,56400,18800,56400,37600
2026-04-21,Cybersecurity Shield,Latin America,36,950,350,34200,12600,34200,21600
2026-04-21,AI Analytics Core,North America,29,850,300,24650,8700,24650,15950
2026-04-21,Hardware Edge Node,Latin America,14,1500,900,21000,12600,21000,8400
2026-04-21,AI Analytics Core,Asia-Pacific,16,850,300,13600,4800,13600,8800
2026-04-21,SaaS CRM Engine,Latin America,27,600,150,16200,4050,16200,12150
2026-04-22,Hardware Edge Node,Latin America,5,1500,900,7500,4500,7500,3000
2026-04-22,Enterprise Cloud Suite,North America,34,1200,400,40800,13600,40800,27200
2026-04-22,SaaS CRM Engine,Asia-Pacific,32,600,150,19200,4800,19200,14400
2026-04-22,Cybersecurity Shield,North America,10,950,350,9500,3500,9500,6000
2026-04-22,SaaS CRM Engine,Latin America,20,600,150,12000,3000,12000,9000
2026-04-23,Hardware Edge Node,Latin America,22,1500,900,33000,19800,33000,13200
2026-04-23,AI Analytics Core,Latin America,4,850,300,3400,1200,3400,2200
2026-04-23,SaaS CRM Engine,Latin America,25,600,150,15000,3750,15000,11250
2026-04-23,Hardware Edge Node,Europe,15,1500,900,22500,13500,22500,9000
2026-04-23,Enterprise Cloud Suite,Asia-Pacific,13,1200,400,15600,5200,15600,10400
2026-04-23,SaaS CRM Engine,Latin America,27,600,150,16200,4050,16200,12150
2026-04-23,Enterprise Cloud Suite,Latin America,5,1200,400,6000,2000,6000,4000
2026-04-23,Hardware Edge Node,North America,10,1500,900,15000,9000,15000,6000
2026-04-24,Cybersecurity Shield,Europe,17,950,350,16150,5950,16150,10200
2026-04-24,Enterprise Cloud Suite,North America,25,1200,400,30000,10000,30000,20000
2026-04-24,Hardware Edge Node,North America,27,1500,900,40500,24300,40500,16200
2026-04-25,Enterprise Cloud Suite,Asia-Pacific,49,1200,400,58800,19600,58800,39200
2026-04-25,AI Analytics Core,Europe,24,850,300,20400,7200,20400,13200
2026-04-25,Enterprise Cloud Suite,Asia-Pacific,1,1200,400,1200,400,1200,800
2026-04-26,Cybersecurity Shield,North America,41,950,350,38950,14350,38950,24600
2026-04-26,SaaS CRM Engine,Latin America,30,600,150,18000,4500,18000,13500
2026-04-26,AI Analytics Core,North America,19,850,300,16150,5700,16150,10450
2026-04-27,AI Analytics Core,Europe,49,850,300,41650,14700,41650,26950
2026-04-27,AI Analytics Core,North America,8,850,300,6800,2400,6800,4400
2026-04-27,Enterprise Cloud Suite,Latin America,48,1200,400,57600,19200,57600,38400
2026-04-28,SaaS CRM Engine,Asia-Pacific,19,600,150,11400,2850,11400,8550
2026-04-28,Hardware Edge Node,Europe,18,1500,900,27000,16200,27000,10800
2026-04-28,AI Analytics Core,Asia-Pacific,30,850,300,25500,9000,25500,16500
2026-04-28,AI Analytics Core,North America,12,850,300,10200,3600,10200,6600
2026-04-28,Enterprise Cloud Suite,Latin America,13,1200,400,15600,5200,15600,10400
2026-04-28,Cybersecurity Shield,North America,24,950,350,22800,8400,22800,14400
2026-04-29,AI Analytics Core,Latin America,48,850,300,40800,14400,40800,26400
2026-04-29,Cybersecurity Shield,Europe,45,950,350,42750,15750,42750,27000
2026-04-29,Enterprise Cloud Suite,Asia-Pacific,22,1200,400,26400,8800,26400,17600
2026-04-30,AI Analytics Core,Asia-Pacific,28,850,300,23800,8400,23800,15400
2026-04-30,Cybersecurity Shield,Europe,6,950,350,5700,2100,5700,3600
2026-04-30,Cybersecurity Shield,North America,26,950,350,24700,9100,24700,15600
2026-04-30,Enterprise Cloud Suite,Latin America,21,1200,400,25200,8400,25200,16800
2026-05-01,SaaS CRM Engine,North America,41,600,150,24600,6150,24600,18450
2026-05-01,Enterprise Cloud Suite,Europe,30,1200,400,36000,12000,36000,24000
2026-05-02,Cybersecurity Shield,Asia-Pacific,13,950,350,12350,4550,12350,7800
2026-05-02,Hardware Edge Node,Europe,44,1500,900,66000,39600,66000,26400
2026-05-02,Cybersecurity Shield,Latin America,3,950,350,2850,1050,2850,1800
2026-05-02,Cybersecurity Shield,Europe,49,950,350,46550,17150,46550,29400
2026-05-02,AI Analytics Core,Latin America,20,850,300,17000,6000,17000,11000
2026-05-02,Enterprise Cloud Suite,North America,14,1200,400,16800,5600,16800,11200
2026-05-03,Hardware Edge Node,North America,35,1500,900,52500,31500,52500,21000
2026-05-03,Enterprise Cloud Suite,Europe,49,1200,400,58800,19600,58800,39200
2026-05-04,AI Analytics Core,North America,45,850,300,38250,13500,38250,24750
2026-05-04,Enterprise Cloud Suite,North America,42,1200,400,50400,16800,50400,33600
2026-05-05,Cybersecurity Shield,Europe,43,950,350,40850,15050,40850,25800
2026-05-05,Cybersecurity Shield,Latin America,39,950,350,37050,13650,37050,23400
2026-05-06,Hardware Edge Node,North America,34,1500,900,51000,30600,51000,20400
2026-05-06,Cybersecurity Shield,Asia-Pacific,47,950,350,44650,16450,44650,28200
2026-05-06,Enterprise Cloud Suite,Europe,11,1200,400,13200,4400,13200,8800
2026-05-06,AI Analytics Core,Latin America,39,850,300,33150,11700,33150,21450
2026-05-06,Hardware Edge Node,Latin America,13,1500,900,19500,11700,19500,7800
2026-05-06,SaaS CRM Engine,Asia-Pacific,23,600,150,13800,3450,13800,10350
2026-05-07,SaaS CRM Engine,Europe,44,600,150,26400,6600,26400,19800
2026-05-07,AI Analytics Core,Europe,18,850,300,15300,5400,15300,9900
2026-05-07,Cybersecurity Shield,Latin America,35,950,350,33250,12250,33250,21000
2026-05-07,Cybersecurity Shield,Europe,20,950,350,19000,7000,19000,12000
2026-05-08,Enterprise Cloud Suite,Europe,6,1200,400,7200,2400,7200,4800
2026-05-08,AI Analytics Core,Asia-Pacific,2,850,300,1700,600,1700,1100
2026-05-08,Hardware Edge Node,North America,42,1500,900,63000,37800,63000,25200
2026-05-08,AI Analytics Core,Europe,28,850,300,23800,8400,23800,15400
2026-05-08,Enterprise Cloud Suite,North America,15,1200,400,18000,6000,18000,12000
2026-05-08,Enterprise Cloud Suite,Europe,2,1200,400,2400,800,2400,1600
2026-05-09,Enterprise Cloud Suite,North America,38,1200,400,45600,15200,45600,30400
2026-05-09,Cybersecurity Shield,Latin America,14,950,350,13300,4900,13300,8400
2026-05-09,Hardware Edge Node,North America,19,1500,900,28500,17100,28500,11400
2026-05-10,SaaS CRM Engine,Europe,9,600,150,5400,1350,5400,4050
2026-05-10,SaaS CRM Engine,North America,34,600,150,20400,5100,20400,15300
2026-05-10,Enterprise Cloud Suite,North America,1,1200,400,1200,400,1200,800
2026-05-10,SaaS CRM Engine,North America,6,600,150,3600,900,3600,2700
2026-05-11,Enterprise Cloud Suite,Asia-Pacific,5,1200,400,6000,2000,6000,4000
2026-05-11,Cybersecurity Shield,North America,35,950,350,33250,12250,33250,21000
2026-05-11,AI Analytics Core,Asia-Pacific,41,850,300,34850,12300,34850,22550
2026-05-11,Cybersecurity Shield,Europe,23,950,350,21850,8050,21850,13800
2026-05-11,Cybersecurity Shield,Latin America,4,950,350,3800,1400,3800,2400
2026-05-12,Enterprise Cloud Suite,Latin America,5,1200,400,6000,2000,6000,4000
2026-05-12,Enterprise Cloud Suite,Latin America,26,1200,400,31200,10400,31200,20800
2026-05-12,Enterprise Cloud Suite,Latin America,40,1200,400,48000,16000,48000,32000
2026-05-13,SaaS CRM Engine,Latin America,29,600,150,17400,4350,17400,13050
2026-05-13,Enterprise Cloud Suite,Europe,18,1200,400,21600,7200,21600,14400
2026-05-13,Cybersecurity Shield,North America,25,950,350,23750,8750,23750,15000
2026-05-13,Cybersecurity Shield,Latin America,29,950,350,27550,10150,27550,17400
2026-05-13,Cybersecurity Shield,Asia-Pacific,23,950,350,21850,8050,21850,13800
2026-05-13,Enterprise Cloud Suite,Latin America,29,1200,400,34800,11600,34800,23200
2026-05-14,SaaS CRM Engine,North America,28,600,150,16800,4200,16800,12600
2026-05-14,Cybersecurity Shield,Europe,17,950,350,16150,5950,16150,10200
2026-05-14,Enterprise Cloud Suite,Europe,42,1200,400,50400,16800,50400,33600
2026-05-14,AI Analytics Core,Latin America,47,850,300,39950,14100,39950,25850
2026-05-14,AI Analytics Core,Europe,6,850,300,5100,1800,5100,3300
2026-05-15,AI Analytics Core,Europe,33,850,300,28050,9900,28050,18150
2026-05-15,Cybersecurity Shield,Asia-Pacific,13,950,350,12350,4550,12350,7800
2026-05-15,Cybersecurity Shield,North America,46,950,350,43700,16100,43700,27600
2026-05-16,Hardware Edge Node,Latin America,34,1500,900,51000,30600,51000,20400
2026-05-16,SaaS CRM Engine,Europe,22,600,150,13200,3300,13200,9900
2026-05-16,Cybersecurity Shield,Asia-Pacific,3,950,350,2850,1050,2850,1800
2026-05-16,Hardware Edge Node,Europe,26,1500,900,39000,23400,39000,15600
2026-05-17,SaaS CRM Engine,Europe,47,600,150,28200,7050,28200,21150
2026-05-17,Hardware Edge Node,Europe,8,1500,900,12000,7200,12000,4800
2026-05-17,SaaS CRM Engine,Latin America,18,600,150,10800,2700,10800,8100
2026-05-17,Cybersecurity Shield,North America,37,950,350,35150,12950,35150,22200
2026-05-18,Enterprise Cloud Suite,Europe,3,1200,400,3600,1200,3600,2400
2026-05-18,Cybersecurity Shield,Latin America,31,950,350,29450,10850,29450,18600
2026-05-19,Cybersecurity Shield,Asia-Pacific,44,950,350,41800,15400,41800,26400
2026-05-19,AI Analytics Core,Europe,22,850,300,18700,6600,18700,12100
2026-05-20,SaaS CRM Engine,Europe,23,600,150,13800,3450,13800,10350
2026-05-20,SaaS CRM Engine,Asia-Pacific,14,600,150,8400,2100,8400,6300
2026-05-21,SaaS CRM Engine,North America,35,600,150,21000,5250,21000,15750
2026-05-21,AI Analytics Core,Europe,9,850,300,7650,2700,7650,4950
2026-05-21,Cybersecurity Shield,Asia-Pacific,8,950,350,7600,2800,7600,4800
2026-05-21,Hardware Edge Node,Latin America,23,1500,900,34500,20700,34500,13800
2026-05-22,Cybersecurity Shield,North America,39,950,350,37050,13650,37050,23400
2026-05-22,SaaS CRM Engine,Latin America,29,600,150,17400,4350,17400,13050
2026-05-23,AI Analytics Core,Asia-Pacific,41,850,300,34850,12300,34850,22550
2026-05-23,SaaS CRM Engine,Asia-Pacific,21,600,150,12600,3150,12600,9450
2026-05-23,AI Analytics Core,Europe,33,850,300,28050,9900,28050,18150
2026-05-23,AI Analytics Core,Latin America,5,850,300,4250,1500,4250,2750
2026-05-24,Cybersecurity Shield,Latin America,12,950,350,11400,4200,11400,7200
2026-05-24,AI Analytics Core,Europe,36,850,300,30600,10800,30600,19800
2026-05-24,Hardware Edge Node,Latin America,31,1500,900,46500,27900,46500,18600
2026-05-24,Cybersecurity Shield,North America,24,950,350,22800,8400,22800,14400
2026-05-24,Hardware Edge Node,North America,22,1500,900,33000,19800,33000,13200
2026-05-24,Enterprise Cloud Suite,Latin America,45,1200,400,54000,18000,54000,36000
2026-05-24,SaaS CRM Engine,Europe,38,600,150,22800,5700,22800,17100
2026-05-24,Cybersecurity Shield,North America,33,950,350,31350,11550,31350,19800
2026-05-25,AI Analytics Core,Latin America,28,850,300,23800,8400,23800,15400
2026-05-25,Cybersecurity Shield,Europe,44,950,350,41800,15400,41800,26400
2026-05-25,AI Analytics Core,Latin America,9,850,300,7650,2700,7650,4950
2026-05-25,Cybersecurity Shield,North America,41,950,350,38950,14350,38950,24600
2026-05-25,Cybersecurity Shield,Latin America,39,950,350,37050,13650,37050,23400
2026-05-25,AI Analytics Core,Europe,34,850,300,28900,10200,28900,18700
2026-05-26,Cybersecurity Shield,Latin America,3,950,350,2850,1050,2850,1800
2026-05-26,AI Analytics Core,Asia-Pacific,28,850,300,23800,8400,23800,15400
2026-05-26,Cybersecurity Shield,Asia-Pacific,12,950,350,11400,4200,11400,7200
2026-05-27,Cybersecurity Shield,North America,41,950,350,38950,14350,38950,24600
2026-05-27,SaaS CRM Engine,Asia-Pacific,40,600,150,24000,6000,24000,18000
2026-05-27,Cybersecurity Shield,Europe,38,950,350,36100,13300,36100,22800
2026-05-27,Hardware Edge Node,Europe,1,1500,900,1500,900,1500,600
2026-05-27,SaaS CRM Engine,Asia-Pacific,34,600,150,20400,5100,20400,15300
2026-05-27,SaaS CRM Engine,Asia-Pacific,1,600,150,600,150,600,450
2026-05-27,Enterprise Cloud Suite,North America,48,1200,400,57600,19200,57600,38400
2026-05-28,SaaS CRM Engine,Latin America,1,600,150,600,150,600,450
2026-05-28,AI Analytics Core,Europe,16,850,300,13600,4800,13600,8800
2026-05-28,AI Analytics Core,Asia-Pacific,28,850,300,23800,8400,23800,15400
2026-05-28,Enterprise Cloud Suite,Asia-Pacific,17,1200,400,20400,6800,20400,13600
2026-05-28,Cybersecurity Shield,Europe,33,950,350,31350,11550,31350,19800
2026-05-29,Cybersecurity Shield,North America,46,950,350,43700,16100,43700,27600
2026-05-29,AI Analytics Core,Europe,19,850,300,16150,5700,16150,10450
2026-05-30,Enterprise Cloud Suite,Europe,3,1200,400,3600,1200,3600,2400
2026-05-30,Hardware Edge Node,Asia-Pacific,5,1500,900,7500,4500,7500,3000
2026-05-30,AI Analytics Core,Latin America,23,850,300,19550,6900,19550,12650
2026-05-30,AI Analytics Core,Asia-Pacific,13,850,300,11050,3900,11050,7150
2026-05-31,SaaS CRM Engine,North America,49,600,150,29400,7350,29400,22050
2026-05-31,Cybersecurity Shield,Asia-Pacific,20,950,350,19000,7000,19000,12000
2026-05-31,Cybersecurity Shield,Europe,8,950,350,7600,2800,7600,4800
2026-05-31,Enterprise Cloud Suite,Asia-Pacific,2,1200,400,2400,800,2400,1600
2026-05-31,AI Analytics Core,Latin America,12,850,300,10200,3600,10200,6600
2026-05-31,Enterprise Cloud Suite,Asia-Pacific,34,1200,400,40800,13600,40800,27200
2026-06-01,AI Analytics Core,Latin America,14,850,300,11900,4200,11900,7700
2026-06-01,AI Analytics Core,Latin America,28,850,300,23800,8400,23800,15400
2026-06-01,Hardware Edge Node,Europe,30,1500,900,45000,27000,45000,18000
2026-06-01,Enterprise Cloud Suite,Europe,22,1200,400,26400,8800,26400,17600
2026-06-01,SaaS CRM Engine,North America,44,600,150,26400,6600,26400,19800
2026-06-01,SaaS CRM Engine,Asia-Pacific,6,600,150,3600,900,3600,2700
2026-06-01,SaaS CRM Engine,North America,30,600,150,18000,4500,18000,13500
2026-06-02,Cybersecurity Shield,North America,47,950,350,44650,16450,44650,28200
2026-06-02,AI Analytics Core,North America,10,850,300,8500,3000,8500,5500
2026-06-02,Enterprise Cloud Suite,Asia-Pacific,29,1200,400,34800,11600,34800,23200
2026-06-03,Enterprise Cloud Suite,Asia-Pacific,36,1200,400,43200,14400,43200,28800
2026-06-03,SaaS CRM Engine,Europe,11,600,150,6600,1650,6600,4950
2026-06-03,AI Analytics Core,Asia-Pacific,39,850,300,33150,11700,33150,21450
2026-06-03,AI Analytics Core,Latin America,2,850,300,1700,600,1700,1100
2026-06-03,AI Analytics Core,Europe,7,850,300,5950,2100,5950,3850
2026-06-03,Enterprise Cloud Suite,Asia-Pacific,33,1200,400,39600,13200,39600,26400
2026-06-04,Enterprise Cloud Suite,Latin America,49,1200,400,58800,19600,58800,39200
2026-06-04,AI Analytics Core,Latin America,4,850,300,3400,1200,3400,2200
2026-06-05,SaaS CRM Engine,Latin America,10,600,150,6000,1500,6000,4500
2026-06-05,Cybersecurity Shield,Latin America,30,950,350,28500,10500,28500,18000
2026-06-06,Enterprise Cloud Suite,North America,3,1200,400,3600,1200,3600,2400
2026-06-06,Cybersecurity Shield,Asia-Pacific,1,950,350,950,350,950,600
2026-06-06,Enterprise Cloud Suite,Asia-Pacific,24,1200,400,28800,9600,28800,19200
2026-06-06,AI Analytics Core,Asia-Pacific,14,850,300,11900,4200,11900,7700
2026-06-06,Cybersecurity Shield,North America,46,950,350,43700,16100,43700,27600
2026-06-07,AI Analytics Core,North America,48,850,300,40800,14400,40800,26400
2026-06-07,Enterprise Cloud Suite,North America,37,1200,400,44400,14800,44400,29600
2026-06-07,Enterprise Cloud Suite,Asia-Pacific,29,1200,400,34800,11600,34800,23200
2026-06-07,Hardware Edge Node,Latin America,29,1500,900,43500,26100,43500,17400
2026-06-07,Enterprise Cloud Suite,North America,23,1200,400,27600,9200,27600,18400
2026-06-08,Enterprise Cloud Suite,Europe,43,1200,400,51600,17200,51600,34400
2026-06-09,AI Analytics Core,North America,27,850,300,22950,8100,22950,14850
2026-06-09,Cybersecurity Shield,North America,10,950,350,9500,3500,9500,6000
2026-06-09,Hardware Edge Node,Latin America,16,1500,900,24000,14400,24000,9600
2026-06-09,SaaS CRM Engine,Latin America,7,600,150,4200,1050,4200,3150
2026-06-09,Enterprise Cloud Suite,North America,31,1200,400,37200,12400,37200,24800
2026-06-09,Cybersecurity Shield,Latin America,4,950,350,3800,1400,3800,2400
2026-06-09,Hardware Edge Node,Latin America,27,1500,900,40500,24300,40500,16200
2026-06-10,Enterprise Cloud Suite,Asia-Pacific,44,1200,400,52800,17600,52800,35200
2026-06-10,AI Analytics Core,Asia-Pacific,41,850,300,34850,12300,34850,22550
2026-06-10,Enterprise Cloud Suite,North America,21,1200,400,25200,8400,25200,16800
2026-06-10,SaaS CRM Engine,Asia-Pacific,38,600,150,22800,5700,22800,17100
2026-06-10,Hardware Edge Node,Europe,14,1500,900,21000,12600,21000,8400
2026-06-10,Enterprise Cloud Suite,North America,19,1200,400,22800,7600,22800,15200
2026-06-10,Cybersecurity Shield,Latin America,32,950,350,30400,11200,30400,19200
2026-06-11,Enterprise Cloud Suite,Europe,20,1200,400,24000,8000,24000,16000
2026-06-11,Enterprise Cloud Suite,Latin America,19,1200,400,22800,7600,22800,15200
2026-06-11,Cybersecurity Shield,Asia-Pacific,26,950,350,24700,9100,24700,15600
2026-06-12,Enterprise Cloud Suite,North America,10,1200,400,12000,4000,12000,8000
2026-06-12,AI Analytics Core,Europe,41,850,300,34850,12300,34850,22550
2026-06-12,Enterprise Cloud Suite,Europe,8,1200,400,9600,3200,9600,6400
2026-06-12,Cybersecurity Shield,Asia-Pacific,32,950,350,30400,11200,30400,19200
2026-06-13,Enterprise Cloud Suite,North America,1,1200,400,1200,400,1200,800
2026-06-13,AI Analytics Core,Asia-Pacific,31,850,300,26350,9300,26350,17050
2026-06-13,Hardware Edge Node,Asia-Pacific,11,1500,900,16500,9900,16500,6600
2026-06-14,Enterprise Cloud Suite,Asia-Pacific,26,1200,400,31200,10400,31200,20800
2026-06-14,SaaS CRM Engine,Europe,43,600,150,25800,6450,25800,19350
2026-06-14,Cybersecurity Shield,Asia-Pacific,17,950,350,16150,5950,16150,10200
2026-06-14,Enterprise Cloud Suite,Latin America,43,1200,400,51600,17200,51600,34400
2026-06-14,AI Analytics Core,Asia-Pacific,28,850,300,23800,8400,23800,15400
2026-06-15,Hardware Edge Node,North America,8,1500,900,12000,7200,12000,4800
2026-06-15,Enterprise Cloud Suite,Europe,6,1200,400,7200,2400,7200,4800
2026-06-16,AI Analytics Core,Asia-Pacific,34,850,300,28900,10200,28900,18700
2026-06-16,Enterprise Cloud Suite,Asia-Pacific,26,1200,400,31200,10400,31200,20800
2026-06-17,Enterprise Cloud Suite,North America,32,1200,400,38400,12800,38400,25600
2026-06-17,AI Analytics Core,Asia-Pacific,2,850,300,1700,600,1700,1100
2026-06-17,AI Analytics Core,Europe,5,850,300,4250,1500,4250,2750
2026-06-18,Enterprise Cloud Suite,Europe,32,1200,400,38400,12800,38400,25600
2026-06-19,Cybersecurity Shield,Asia-Pacific,32,950,350,30400,11200,30400,19200
2026-06-19,Enterprise Cloud Suite,North America,24,1200,400,28800,9600,28800,19200
2026-06-19,Enterprise Cloud Suite,Latin America,49,1200,400,58800,19600,58800,39200
2026-06-19,Cybersecurity Shield,Latin America,29,950,350,27550,10150,27550,17400
2026-06-19,Enterprise Cloud Suite,Europe,43,1200,400,51600,17200,51600,34400
2026-06-19,Hardware Edge Node,Europe,21,1500,900,31500,18900,31500,12600
2026-06-20,Enterprise Cloud Suite,North America,10,1200,400,12000,4000,12000,8000
2026-06-20,Hardware Edge Node,Latin America,13,1500,900,19500,11700,19500,7800
2026-06-21,SaaS CRM Engine,Europe,31,600,150,18600,4650,18600,13950
2026-06-21,Enterprise Cloud Suite,Latin America,46,1200,400,55200,18400,55200,36800
2026-06-21,Hardware Edge Node,Latin America,42,1500,900,63000,37800,63000,25200
2026-06-21,Cybersecurity Shield,North America,27,950,350,25650,9450,25650,16200
2026-06-21,Enterprise Cloud Suite,North America,7,1200,400,8400,2800,8400,5600
2026-06-22,AI Analytics Core,Latin America,30,850,300,25500,9000,25500,16500
2026-06-22,Hardware Edge Node,Asia-Pacific,41,1500,900,61500,36900,61500,24600
2026-06-22,Hardware Edge Node,Europe,19,1500,900,28500,17100,28500,11400
2026-06-22,Hardware Edge Node,Asia-Pacific,13,1500,900,19500,11700,19500,7800
2026-06-22,Hardware Edge Node,Asia-Pacific,17,1500,900,25500,15300,25500,10200
2026-06-22,Cybersecurity Shield,North America,13,950,350,12350,4550,12350,7800
2026-06-22,Enterprise Cloud Suite,Latin America,47,1200,400,56400,18800,56400,37600
2026-06-23,AI Analytics Core,Latin America,9,850,300,7650,2700,7650,4950
2026-06-23,Enterprise Cloud Suite,Latin America,40,1200,400,48000,16000,48000,32000
2026-06-24,Enterprise Cloud Suite,North America,4,1200,400,4800,1600,4800,3200
2026-06-24,Cybersecurity Shield,Latin America,26,950,350,24700,9100,24700,15600
2026-06-25,Enterprise Cloud Suite,Europe,30,1200,400,36000,12000,36000,24000
2026-06-25,SaaS CRM Engine,North America,13,600,150,7800,1950,7800,5850
2026-06-26,SaaS CRM Engine,Europe,16,600,150,9600,2400,9600,7200
2026-06-26,Enterprise Cloud Suite,North America,4,1200,400,4800,1600,4800,3200
2026-06-26,SaaS CRM Engine,Latin America,7,600,150,4200,1050,4200,3150
2026-06-26,Enterprise Cloud Suite,North America,25,1200,400,30000,10000,30000,20000
2026-06-26,Enterprise Cloud Suite,Asia-Pacific,19,1200,400,22800,7600,22800,15200
2026-06-26,SaaS CRM Engine,North America,38,600,150,22800,5700,22800,17100
2026-06-27,Enterprise Cloud Suite,Latin America,8,1200,400,9600,3200,9600,6400
2026-06-27,SaaS CRM Engine,Asia-Pacific,6,600,150,3600,900,3600,2700
2026-06-27,AI Analytics Core,Europe,47,850,300,39950,14100,39950,25850
2026-06-27,Enterprise Cloud Suite,North America,49,1200,400,58800,19600,58800,39200
2026-06-28,Cybersecurity Shield,Asia-Pacific,17,950,350,16150,5950,16150,10200
2026-06-28,AI Analytics Core,Asia-Pacific,23,850,300,19550,6900,19550,12650
2026-06-28,AI Analytics Core,Latin America,13,850,300,11050,3900,11050,7150
2026-06-28,Enterprise Cloud Suite,Asia-Pacific,5,1200,400,6000,2000,6000,4000
2026-06-28,Enterprise Cloud Suite,Asia-Pacific,12,1200,400,14400,4800,14400,9600
2026-06-29,Hardware Edge Node,Latin America,36,1500,900,54000,32400,54000,21600
2026-06-29,Enterprise Cloud Suite,Asia-Pacific,33,1200,400,39600,13200,39600,26400
2026-06-29,Cybersecurity Shield,North America,21,950,350,19950,7350,19950,12600
2026-06-29,AI Analytics Core,Latin America,11,850,300,9350,3300,9350,6050
2026-06-29,AI Analytics Core,Europe,3,850,300,2550,900,2550,1650
2026-06-29,AI Analytics Core,Asia-Pacific,33,850,300,28050,9900,28050,18150
2026-06-30,AI Analytics Core,Europe,45,850,300,38250,13500,38250,24750
2026-06-30,SaaS CRM Engine,North America,17,600,150,10200,2550,10200,7650
2026-07-01,Hardware Edge Node,Asia-Pacific,28,1500,900,42000,25200,42000,16800
2026-07-01,Cybersecurity Shield,North America,39,950,350,37050,13650,37050,23400
2026-07-01,SaaS CRM Engine,North America,14,600,150,8400,2100,8400,6300
2026-07-01,Enterprise Cloud Suite,Asia-Pacific,42,1200,400,50400,16800,50400,33600
2026-07-02,Cybersecurity Shield,Latin America,41,950,350,38950,14350,38950,24600
2026-07-02,Cybersecurity Shield,North America,3,950,350,2850,1050,2850,1800
2026-07-03,AI Analytics Core,Asia-Pacific,11,850,300,9350,3300,9350,6050
2026-07-03,Cybersecurity Shield,Asia-Pacific,14,950,350,13300,4900,13300,8400
2026-07-03,Cybersecurity Shield,Europe,44,950,350,41800,15400,41800,26400
2026-07-03,Enterprise Cloud Suite,Asia-Pacific,30,1200,400,36000,12000,36000,24000
2026-07-04,AI Analytics Core,North America,36,850,300,30600,10800,30600,19800
2026-07-05,SaaS CRM Engine,North America,4,600,150,2400,600,2400,1800
2026-07-05,AI Analytics Core,Europe,30,850,300,25500,9000,25500,16500
2026-07-05,Enterprise Cloud Suite,Europe,23,1200,400,27600,9200,27600,18400
2026-07-06,Enterprise Cloud Suite,Latin America,32,1200,400,38400,12800,38400,25600
2026-07-06,SaaS CRM Engine,North America,8,600,150,4800,1200,4800,3600
2026-07-06,Enterprise Cloud Suite,Asia-Pacific,40,1200,400,48000,16000,48000,32000
2026-07-06,AI Analytics Core,Europe,19,850,300,16150,5700,16150,10450
2026-07-06,AI Analytics Core,Asia-Pacific,25,850,300,21250,7500,21250,13750
2026-07-07,Cybersecurity Shield,Asia-Pacific,19,950,350,18050,6650,18050,11400
2026-07-07,Enterprise Cloud Suite,Asia-Pacific,44,1200,400,52800,17600,52800,35200
2026-07-07,AI Analytics Core,Asia-Pacific,8,850,300,6800,2400,6800,4400
2026-07-07,Hardware Edge Node,North America,20,1500,900,30000,18000,30000,12000
2026-07-08,Enterprise Cloud Suite,Asia-Pacific,5,1200,400,6000,2000,6000,4000
2026-07-08,Cybersecurity Shield,Asia-Pacific,2,950,350,1900,700,1900,1200
2026-07-08,Cybersecurity Shield,North America,7,950,350,6650,2450,6650,4200
2026-07-09,Cybersecurity Shield,North America,43,950,350,40850,15050,40850,25800
2026-07-09,AI Analytics Core,North America,12,850,300,10200,3600,10200,6600
2026-07-09,SaaS CRM Engine,Asia-Pacific,39,600,150,23400,5850,23400,17550
2026-07-09,AI Analytics Core,North America,27,850,300,22950,8100,22950,14850
2026-07-09,Cybersecurity Shield,Asia-Pacific,21,950,350,19950,7350,19950,12600
2026-07-09,Enterprise Cloud Suite,Asia-Pacific,24,1200,400,28800,9600,28800,19200
2026-07-10,Cybersecurity Shield,Latin America,6,950,350,5700,2100,5700,3600
2026-07-10,Enterprise Cloud Suite,North America,1,1200,400,1200,400,1200,800
2026-07-10,Cybersecurity Shield,Europe,17,950,350,16150,5950,16150,10200
2026-07-11,Hardware Edge Node,North America,15,1500,900,22500,13500,22500,9000
2026-07-11,AI Analytics Core,Asia-Pacific,34,850,300,28900,10200,28900,18700
2026-07-11,SaaS CRM Engine,Asia-Pacific,21,600,150,12600,3150,12600,9450
2026-07-11,Enterprise Cloud Suite,Latin America,43,1200,400,51600,17200,51600,34400
2026-07-11,Enterprise Cloud Suite,Asia-Pacific,16,1200,400,19200,6400,19200,12800
2026-07-11,SaaS CRM Engine,Latin America,12,600,150,7200,1800,7200,5400
2026-07-11,Hardware Edge Node,North America,20,1500,900,30000,18000,30000,12000
2026-07-13,AI Analytics Core,Latin America,11,850,300,9350,3300,9350,6050
2026-07-13,Enterprise Cloud Suite,Asia-Pacific,29,1200,400,34800,11600,34800,23200
2026-07-13,SaaS CRM Engine,North America,36,600,150,21600,5400,21600,16200
2026-07-13,Enterprise Cloud Suite,Latin America,47,1200,400,56400,18800,56400,37600
2026-07-14,SaaS CRM Engine,Europe,34,600,150,20400,5100,20400,15300
2026-07-14,AI Analytics Core,North America,35,850,300,29750,10500,29750,19250
2026-07-14,SaaS CRM Engine,Europe,24,600,150,14400,3600,14400,10800
2026-07-14,Enterprise Cloud Suite,Europe,35,1200,400,42000,14000,42000,28000
2026-07-15,AI Analytics Core,Europe,43,850,300,36550,12900,36550,23650
2026-07-15,Enterprise Cloud Suite,Europe,20,1200,400,24000,8000,24000,16000
2026-07-15,Cybersecurity Shield,Asia-Pacific,32,950,350,30400,11200,30400,19200
2026-07-16,Hardware Edge Node,Europe,44,1500,900,66000,39600,66000,26400
2026-07-16,AI Analytics Core,Asia-Pacific,47,850,300,39950,14100,39950,25850
2026-07-16,Cybersecurity Shield,Asia-Pacific,6,950,350,5700,2100,5700,3600
2026-07-17,SaaS CRM Engine,Asia-Pacific,23,600,150,13800,3450,13800,10350
2026-07-17,Enterprise Cloud Suite,North America,48,1200,400,57600,19200,57600,38400
2026-07-17,Cybersecurity Shield,Latin America,14,950,350,13300,4900,13300,8400
2026-07-17,AI Analytics Core,Latin America,30,850,300,25500,9000,25500,16500
2026-07-17,SaaS CRM Engine,Latin America,3,600,150,1800,450,1800,1350
2026-07-17,Enterprise Cloud Suite,Latin America,19,1200,400,22800,7600,22800,15200
2026-07-18,AI Analytics Core,Europe,34,850,300,28900,10200,28900,18700
2026-07-19,Enterprise Cloud Suite,Latin America,40,1200,400,48000,16000,48000,32000
2026-07-20,AI Analytics Core,Europe,24,850,300,20400,7200,20400,13200
2026-07-20,SaaS CRM Engine,North America,34,600,150,20400,5100,20400,15300
2026-07-20,SaaS CRM Engine,North America,22,600,150,13200,3300,13200,9900
2026-07-20,SaaS CRM Engine,Europe,33,600,150,19800,4950,19800,14850
2026-07-21,Enterprise Cloud Suite,Asia-Pacific,16,1200,400,19200,6400,19200,12800
2026-07-21,Enterprise Cloud Suite,Asia-Pacific,10,1200,400,12000,4000,12000,8000
2026-07-21,Enterprise Cloud Suite,Europe,32,1200,400,38400,12800,38400,25600
2026-07-21,Enterprise Cloud Suite,Asia-Pacific,27,1200,400,32400,10800,32400,21600
2026-07-21,Enterprise Cloud Suite,North America,8,1200,400,9600,3200,9600,6400
2026-07-21,AI Analytics Core,Latin America,16,850,300,13600,4800,13600,8800
2026-07-22,Cybersecurity Shield,North America,5,950,350,4750,1750,4750,3000
2026-07-22,AI Analytics Core,Latin America,38,850,300,32300,11400,32300,20900
2026-07-22,Hardware Edge Node,North America,41,1500,900,61500,36900,61500,24600
2026-07-23,Hardware Edge Node,Latin America,9,1500,900,13500,8100,13500,5400
2026-07-24,SaaS CRM Engine,North America,32,600,150,19200,4800,19200,14400
2026-07-24,AI Analytics Core,Latin America,27,850,300,22950,8100,22950,14850
2026-07-25,Cybersecurity Shield,Latin America,36,950,350,34200,12600,34200,21600
2026-07-25,Hardware Edge Node,Europe,19,1500,900,28500,17100,28500,11400
2026-07-26,Hardware Edge Node,Europe,37,1500,900,55500,33300,55500,22200
2026-07-26,SaaS CRM Engine,Europe,21,600,150,12600,3150,12600,9450
2026-07-26,AI Analytics Core,Asia-Pacific,9,850,300,7650,2700,7650,4950
2026-07-27,Cybersecurity Shield,Europe,17,950,350,16150,5950,16150,10200
2026-07-27,Hardware Edge Node,Latin America,11,1500,900,16500,9900,16500,6600
2026-07-27,SaaS CRM Engine,Europe,20,600,150,12000,3000,12000,9000
2026-07-28,Enterprise Cloud Suite,North America,4,1200,400,4800,1600,4800,3200
2026-07-28,Enterprise Cloud Suite,Asia-Pacific,19,1200,400,22800,7600,22800,15200
2026-07-29,Cybersecurity Shield,Latin America,12,950,350,11400,4200,11400,7200
2026-07-29,Hardware Edge Node,North America,12,1500,900,18000,10800,18000,7200
2026-07-30,AI Analytics Core,North America,29,850,300,24650,8700,24650,15950
2026-07-31,Hardware Edge Node,Europe,17,1500,900,25500,15300,25500,10200
2026-07-31,Enterprise Cloud Suite,North America,27,1200,400,32400,10800,32400,21600
2026-07-31,AI Analytics Core,North America,37,850,300,31450,11100,31450,20350
2026-08-01,Enterprise Cloud Suite,Latin America,49,1200,400,58800,19600,58800,39200
2026-08-01,Enterprise Cloud Suite,North America,36,1200,400,43200,14400,43200,28800
2026-08-01,SaaS CRM Engine,North America,21,600,150,12600,3150,12600,9450
2026-08-02,AI Analytics Core,Asia-Pacific,2,850,300,1700,600,1700,1100
2026-08-02,Enterprise Cloud Suite,North America,18,1200,400,21600,7200,21600,14400
2026-08-02,Cybersecurity Shield,Asia-Pacific,26,950,350,24700,9100,24700,15600
2026-08-02,Cybersecurity Shield,Asia-Pacific,41,950,350,38950,14350,38950,24600
2026-08-03,Enterprise Cloud Suite,Latin America,13,1200,400,15600,5200,15600,10400
2026-08-03,Enterprise Cloud Suite,North America,36,1200,400,43200,14400,43200,28800
2026-08-03,Cybersecurity Shield,North America,45,950,350,42750,15750,42750,27000
2026-08-03,AI Analytics Core,Latin America,25,850,300,21250,7500,21250,13750
2026-08-03,Enterprise Cloud Suite,North America,3,1200,400,3600,1200,3600,2400
2026-08-03,Cybersecurity Shield,Latin America,19,950,350,18050,6650,18050,11400
2026-08-03,Enterprise Cloud Suite,Europe,45,1200,400,54000,18000,54000,36000
2026-08-03,Enterprise Cloud Suite,North America,29,1200,400,34800,11600,34800,23200
2026-08-04,SaaS CRM Engine,North America,40,600,150,24000,6000,24000,18000
2026-08-04,AI Analytics Core,North America,17,850,300,14450,5100,14450,9350
2026-08-04,Enterprise Cloud Suite,Latin America,47,1200,400,56400,18800,56400,37600
2026-08-05,AI Analytics Core,Latin America,17,850,300,14450,5100,14450,9350
2026-08-05,Cybersecurity Shield,Asia-Pacific,23,950,350,21850,8050,21850,13800
2026-08-05,AI Analytics Core,Europe,5,850,300,4250,1500,4250,2750
2026-08-05,AI Analytics Core,Europe,32,850,300,27200,9600,27200,17600
2026-08-05,Enterprise Cloud Suite,North America,26,1200,400,31200,10400,31200,20800
2026-08-05,SaaS CRM Engine,North America,37,600,150,22200,5550,22200,16650
2026-08-06,Enterprise Cloud Suite,Latin America,24,1200,400,28800,9600,28800,19200
2026-08-06,AI Analytics Core,Asia-Pacific,48,850,300,40800,14400,40800,26400
2026-08-06,AI Analytics Core,Latin America,20,850,300,17000,6000,17000,11000
2026-08-06,AI Analytics Core,Latin America,35,850,300,29750,10500,29750,19250
2026-08-06,AI Analytics Core,Asia-Pacific,14,850,300,11900,4200,11900,7700
2026-08-06,Cybersecurity Shield,Asia-Pacific,37,950,350,35150,12950,35150,22200
2026-08-08,Hardware Edge Node,Latin America,49,1500,900,73500,44100,73500,29400
2026-08-08,Cybersecurity Shield,North America,22,950,350,20900,7700,20900,13200
2026-08-08,SaaS CRM Engine,North America,8,600,150,4800,1200,4800,3600
2026-08-08,Enterprise Cloud Suite,Asia-Pacific,36,1200,400,43200,14400,43200,28800
2026-08-08,AI Analytics Core,Asia-Pacific,4,850,300,3400,1200,3400,2200
2026-08-08,AI Analytics Core,Asia-Pacific,48,850,300,40800,14400,40800,26400
2026-08-08,SaaS CRM Engine,Asia-Pacific,45,600,150,27000,6750,27000,20250
2026-08-09,Enterprise Cloud Suite,North America,34,1200,400,40800,13600,40800,27200
2026-08-10,Cybersecurity Shield,Latin America,9,950,350,8550,3150,8550,5400
2026-08-10,Cybersecurity Shield,Europe,18,950,350,17100,6300,17100,10800
2026-08-10,Cybersecurity Shield,Latin America,2,950,350,1900,700,1900,1200
2026-08-10,SaaS CRM Engine,North America,27,600,150,16200,4050,16200,12150
2026-08-10,AI Analytics Core,North America,19,850,300,16150,5700,16150,10450
2026-08-11,Cybersecurity Shield,Europe,20,950,350,19000,7000,19000,12000
2026-08-11,Enterprise Cloud Suite,Asia-Pacific,40,1200,400,48000,16000,48000,32000
2026-08-11,AI Analytics Core,Latin America,13,850,300,11050,3900,11050,7150
2026-08-11,Enterprise Cloud Suite,Latin America,28,1200,400,33600,11200,33600,22400
2026-08-11,SaaS CRM Engine,Europe,27,600,150,16200,4050,16200,12150
2026-08-11,Enterprise Cloud Suite,Europe,1,1200,400,1200,400,1200,800
2026-08-12,Cybersecurity Shield,Asia-Pacific,42,950,350,39900,14700,39900,25200
2026-08-12,Enterprise Cloud Suite,Europe,2,1200,400,2400,800,2400,1600
2026-08-12,Enterprise Cloud Suite,Europe,14,1200,400,16800,5600,16800,11200
2026-08-12,Cybersecurity Shield,Latin America,29,950,350,27550,10150,27550,17400
2026-08-12,AI Analytics Core,Europe,11,850,300,9350,3300,9350,6050
2026-08-12,Cybersecurity Shield,Latin America,18,950,350,17100,6300,17100,10800
2026-08-13,Cybersecurity Shield,Asia-Pacific,25,950,350,23750,8750,23750,15000
2026-08-13,Enterprise Cloud Suite,Europe,49,1200,400,58800,19600,58800,39200
2026-08-13,AI Analytics Core,Latin America,35,850,300,29750,10500,29750,19250
2026-08-13,Hardware Edge Node,Latin America,13,1500,900,19500,11700,19500,7800
2026-08-13,Hardware Edge Node,Asia-Pacific,40,1500,900,60000,36000,60000,24000
2026-08-14,AI Analytics Core,North America,34,850,300,28900,10200,28900,18700
2026-08-14,Enterprise Cloud Suite,Asia-Pacific,34,1200,400,40800,13600,40800,27200
2026-08-14,SaaS CRM Engine,Asia-Pacific,10,600,150,6000,1500,6000,4500
2026-08-14,Enterprise Cloud Suite,Latin America,42,1200,400,50400,16800,50400,33600
2026-08-15,Enterprise Cloud Suite,North America,33,1200,400,39600,13200,39600,26400
2026-08-15,AI Analytics Core,Latin America,28,850,300,23800,8400,23800,15400
2026-08-15,Cybersecurity Shield,Europe,42,950,350,39900,14700,39900,25200
2026-08-15,AI Analytics Core,Latin America,47,850,300,39950,14100,39950,25850
2026-08-15,Enterprise Cloud Suite,North America,23,1200,400,27600,9200,27600,18400
2026-08-16,Cybersecurity Shield,North America,35,950,350,33250,12250,33250,21000
2026-08-16,Enterprise Cloud Suite,Latin America,45,1200,400,54000,18000,54000,36000
2026-08-16,Enterprise Cloud Suite,Asia-Pacific,24,1200,400,28800,9600,28800,19200
2026-08-17,AI Analytics Core,Europe,38,850,300,32300,11400,32300,20900
2026-08-17,Cybersecurity Shield,Latin America,34,950,350,32300,11900,32300,20400
2026-08-17,Hardware Edge Node,Asia-Pacific,47,1500,900,70500,42300,70500,28200
2026-08-17,Enterprise Cloud Suite,Europe,49,1200,400,58800,19600,58800,39200
2026-08-17,Enterprise Cloud Suite,Europe,41,1200,400,49200,16400,49200,32800
2026-08-17,SaaS CRM Engine,Europe,28,600,150,16800,4200,16800,12600
2026-08-17,SaaS CRM Engine,Asia-Pacific,1,600,150,600,150,600,450
2026-08-18,Enterprise Cloud Suite,Europe,18,1200,400,21600,7200,21600,14400
2026-08-18,Cybersecurity Shield,Latin America,4,950,350,3800,1400,3800,2400
2026-08-19,SaaS CRM Engine,Europe,19,600,150,11400,2850,11400,8550
2026-08-19,AI Analytics Core,Latin America,49,850,300,41650,14700,41650,26950
2026-08-19,Enterprise Cloud Suite,North America,17,1200,400,20400,6800,20400,13600
2026-08-19,Cybersecurity Shield,Asia-Pacific,36,950,350,34200,12600,34200,21600
2026-08-19,SaaS CRM Engine,Europe,38,600,150,22800,5700,22800,17100
2026-08-19,Cybersecurity Shield,Asia-Pacific,41,950,350,38950,14350,38950,24600
2026-08-21,Cybersecurity Shield,North America,1,950,350,950,350,950,600
2026-08-21,Cybersecurity Shield,Europe,47,950,350,44650,16450,44650,28200
2026-08-21,Cybersecurity Shield,Europe,39,950,350,37050,13650,37050,23400
2026-08-21,SaaS CRM Engine,Europe,16,600,150,9600,2400,9600,7200
2026-08-21,Enterprise Cloud Suite,Asia-Pacific,22,1200,400,26400,8800,26400,17600
2026-08-21,Enterprise Cloud Suite,Asia-Pacific,4,1200,400,4800,1600,4800,3200
2026-08-21,SaaS CRM Engine,North America,37,600,150,22200,5550,22200,16650
2026-08-21,Enterprise Cloud Suite,Asia-Pacific,15,1200,400,18000,6000,18000,12000
2026-08-22,SaaS CRM Engine,Asia-Pacific,30,600,150,18000,4500,18000,13500
2026-08-22,AI Analytics Core,North America,40,850,300,34000,12000,34000,22000
2026-08-23,SaaS CRM Engine,Asia-Pacific,1,600,150,600,150,600,450
2026-08-23,SaaS CRM Engine,Latin America,34,600,150,20400,5100,20400,15300
2026-08-23,Cybersecurity Shield,North America,21,950,350,19950,7350,19950,12600
2026-08-24,AI Analytics Core,Latin America,48,850,300,40800,14400,40800,26400
2026-08-24,Enterprise Cloud Suite,North America,29,1200,400,34800,11600,34800,23200
2026-08-24,SaaS CRM Engine,Latin America,21,600,150,12600,3150,12600,9450
2026-08-24,AI Analytics Core,Latin America,44,850,300,37400,13200,37400,24200
2026-08-25,SaaS CRM Engine,North America,39,600,150,23400,5850,23400,17550
2026-08-25,Enterprise Cloud Suite,Asia-Pacific,36,1200,400,43200,14400,43200,28800
2026-08-25,AI Analytics Core,Europe,3,850,300,2550,900,2550,1650
2026-08-25,Enterprise Cloud Suite,Europe,32,1200,400,38400,12800,38400,25600
2026-08-25,AI Analytics Core,Latin America,15,850,300,12750,4500,12750,8250
2026-08-26,AI Analytics Core,Latin America,34,850,300,28900,10200,28900,18700
2026-08-26,AI Analytics Core,Asia-Pacific,4,850,300,3400,1200,3400,2200
2026-08-26,Cybersecurity Shield,Latin America,13,950,350,12350,4550,12350,7800
2026-08-27,SaaS CRM Engine,Europe,10,600,150,6000,1500,6000,4500
2026-08-27,Cybersecurity Shield,Latin America,7,950,350,6650,2450,6650,4200
2026-08-27,AI Analytics Core,Europe,5,850,300,4250,1500,4250,2750
2026-08-27,AI Analytics Core,Asia-Pacific,37,850,300,31450,11100,31450,20350
2026-08-27,AI Analytics Core,Europe,13,850,300,11050,3900,11050,7150
2026-08-27,AI Analytics Core,Europe,23,850,300,19550,6900,19550,12650
2026-08-28,Cybersecurity Shield,Latin America,13,950,350,12350,4550,12350,7800
2026-08-28,Enterprise Cloud Suite,North America,25,1200,400,30000,10000,30000,20000
2026-08-28,Hardware Edge Node,Europe,11,1500,900,16500,9900,16500,6600
2026-08-29,Cybersecurity Shield,North America,33,950,350,31350,11550,31350,19800
2026-08-30,AI Analytics Core,North America,35,850,300,29750,10500,29750,19250
2026-08-30,AI Analytics Core,North America,17,850,300,14450,5100,14450,9350
2026-08-30,Cybersecurity Shield,Asia-Pacific,16,950,350,15200,5600,15200,9600
2026-08-30,AI Analytics Core,Europe,40,850,300,34000,12000,34000,22000
2026-08-31,Enterprise Cloud Suite,North America,22,1200,400,26400,8800,26400,17600
2026-08-31,AI Analytics Core,North America,40,850,300,34000,12000,34000,22000
2026-08-31,Hardware Edge Node,Latin America,40,1500,900,60000,36000,60000,24000
2026-09-01,SaaS CRM Engine,North America,12,600,150,7200,1800,7200,5400
2026-09-01,Hardware Edge Node,Latin America,24,1500,900,36000,21600,36000,14400
2026-09-03,Cybersecurity Shield,Asia-Pacific,44,950,350,41800,15400,41800,26400
2026-09-03,AI Analytics Core,North America,48,850,300,40800,14400,40800,26400
2026-09-03,SaaS CRM Engine,Asia-Pacific,15,600,150,9000,2250,9000,6750
2026-09-04,Enterprise Cloud Suite,Asia-Pacific,31,1200,400,37200,12400,37200,24800
2026-09-04,Cybersecurity Shield,North America,10,950,350,9500,3500,9500,6000
2026-09-04,SaaS CRM Engine,Europe,6,600,150,3600,900,3600,2700
2026-09-04,AI Analytics Core,Europe,49,850,300,41650,14700,41650,26950
2026-09-04,Cybersecurity Shield,North America,13,950,350,12350,4550,12350,7800
2026-09-04,Enterprise Cloud Suite,Asia-Pacific,9,1200,400,10800,3600,10800,7200
2026-09-04,Enterprise Cloud Suite,Europe,27,1200,400,32400,10800,32400,21600
2026-09-06,Enterprise Cloud Suite,Europe,2,1200,400,2400,800,2400,1600
2026-09-06,AI Analytics Core,Latin America,3,850,300,2550,900,2550,1650
2026-09-06,Cybersecurity Shield,North America,7,950,350,6650,2450,6650,4200
2026-09-06,SaaS CRM Engine,Latin America,38,600,150,22800,5700,22800,17100
2026-09-06,Enterprise Cloud Suite,Europe,10,1200,400,12000,4000,12000,8000
2026-09-07,Hardware Edge Node,Asia-Pacific,40,1500,900,60000,36000,60000,24000
2026-09-07,Enterprise Cloud Suite,Europe,28,1200,400,33600,11200,33600,22400
2026-09-07,Enterprise Cloud Suite,Europe,17,1200,400,20400,6800,20400,13600
2026-09-08,Enterprise Cloud Suite,Latin America,33,1200,400,39600,13200,39600,26400
2026-09-08,Enterprise Cloud Suite,Europe,37,1200,400,44400,14800,44400,29600
2026-09-08,Cybersecurity Shield,North America,4,950,350,3800,1400,3800,2400
2026-09-09,AI Analytics Core,Latin America,47,850,300,39950,14100,39950,25850
2026-09-09,Enterprise Cloud Suite,Asia-Pacific,24,1200,400,28800,9600,28800,19200
2026-09-09,Enterprise Cloud Suite,Latin America,7,1200,400,8400,2800,8400,5600
2026-09-09,Enterprise Cloud Suite,North America,2,1200,400,2400,800,2400,1600
2026-09-09,Enterprise Cloud Suite,Latin America,47,1200,400,56400,18800,56400,37600
2026-09-09,Enterprise Cloud Suite,Asia-Pacific,17,1200,400,20400,6800,20400,13600
2026-09-09,Enterprise Cloud Suite,Asia-Pacific,20,1200,400,24000,8000,24000,16000
2026-09-10,AI Analytics Core,North America,26,850,300,22100,7800,22100,14300
2026-09-10,AI Analytics Core,Asia-Pacific,49,850,300,41650,14700,41650,26950
2026-09-10,AI Analytics Core,Europe,5,850,300,4250,1500,4250,2750
2026-09-10,Cybersecurity Shield,Latin America,5,950,350,4750,1750,4750,3000
2026-09-10,SaaS CRM Engine,North America,10,600,150,6000,1500,6000,4500
2026-09-10,SaaS CRM Engine,Asia-Pacific,31,600,150,18600,4650,18600,13950
2026-09-11,AI Analytics Core,North America,27,850,300,22950,8100,22950,14850
2026-09-11,Enterprise Cloud Suite,Asia-Pacific,36,1200,400,43200,14400,43200,28800
2026-09-11,Enterprise Cloud Suite,North America,8,1200,400,9600,3200,9600,6400
2026-09-11,Enterprise Cloud Suite,Latin America,36,1200,400,43200,14400,43200,28800
2026-09-11,Cybersecurity Shield,Asia-Pacific,17,950,350,16150,5950,16150,10200
2026-09-12,SaaS CRM Engine,Europe,48,600,150,28800,7200,28800,21600
2026-09-12,SaaS CRM Engine,Europe,8,600,150,4800,1200,4800,3600
2026-09-12,Enterprise Cloud Suite,Latin America,12,1200,400,14400,4800,14400,9600
2026-09-12,AI Analytics Core,North America,36,850,300,30600,10800,30600,19800
2026-09-13,Enterprise Cloud Suite,Asia-Pacific,44,1200,400,52800,17600,52800,35200
2026-09-13,SaaS CRM Engine,Latin America,29,600,150,17400,4350,17400,13050
2026-09-13,Cybersecurity Shield,Asia-Pacific,15,950,350,14250,5250,14250,9000
2026-09-14,Enterprise Cloud Suite,Asia-Pacific,23,1200,400,27600,9200,27600,18400
2026-09-14,Enterprise Cloud Suite,North America,41,1200,400,49200,16400,49200,32800
2026-09-14,AI Analytics Core,Asia-Pacific,41,850,300,34850,12300,34850,22550
2026-09-14,Hardware Edge Node,North America,37,1500,900,55500,33300,55500,22200
2026-09-14,AI Analytics Core,Europe,7,850,300,5950,2100,5950,3850
2026-09-14,SaaS CRM Engine,Latin America,21,600,150,12600,3150,12600,9450
2026-09-15,Cybersecurity Shield,Asia-Pacific,49,950,350,46550,17150,46550,29400
2026-09-15,Cybersecurity Shield,North America,42,950,350,39900,14700,39900,25200
2026-09-16,Cybersecurity Shield,Latin America,35,950,350,33250,12250,33250,21000
2026-09-16,Enterprise Cloud Suite,North America,38,1200,400,45600,15200,45600,30400
2026-09-16,Enterprise Cloud Suite,Europe,6,1200,400,7200,2400,7200,4800
2026-09-16,AI Analytics Core,Latin America,22,850,300,18700,6600,18700,12100
2026-09-16,AI Analytics Core,North America,21,850,300,17850,6300,17850,11550
2026-09-16,Enterprise Cloud Suite,Europe,34,1200,400,40800,13600,40800,27200
2026-09-17,Enterprise Cloud Suite,Europe,36,1200,400,43200,14400,43200,28800
2026-09-17,AI Analytics Core,Asia-Pacific,5,850,300,4250,1500,4250,2750
2026-09-18,Enterprise Cloud Suite,North America,6,1200,400,7200,2400,7200,4800
2026-09-18,Enterprise Cloud Suite,Europe,4,1200,400,4800,1600,4800,3200
2026-09-18,Enterprise Cloud Suite,Asia-Pacific,16,1200,400,19200,6400,19200,12800
2026-09-18,SaaS CRM Engine,Europe,6,600,150,3600,900,3600,2700
2026-09-19,AI Analytics Core,Latin America,19,850,300,16150,5700,16150,10450
2026-09-19,Cybersecurity Shield,North America,36,950,350,34200,12600,34200,21600
2026-09-20,Enterprise Cloud Suite,North America,13,1200,400,15600,5200,15600,10400
2026-09-20,Enterprise Cloud Suite,Latin America,47,1200,400,56400,18800,56400,37600
2026-09-21,AI Analytics Core,Asia-Pacific,28,850,300,23800,8400,23800,15400
2026-09-21,AI Analytics Core,Asia-Pacific,4,850,300,3400,1200,3400,2200
2026-09-21,Cybersecurity Shield,North America,24,950,350,22800,8400,22800,14400
2026-09-21,AI Analytics Core,Latin America,34,850,300,28900,10200,28900,18700
2026-09-21,Hardware Edge Node,North America,26,1500,900,39000,23400,39000,15600
2026-09-21,Cybersecurity Shield,North America,38,950,350,36100,13300,36100,22800
2026-09-21,SaaS CRM Engine,North America,22,600,150,13200,3300,13200,9900
2026-09-21,Enterprise Cloud Suite,Latin America,31,1200,400,37200,12400,37200,24800
2026-09-22,Enterprise Cloud Suite,Latin America,35,1200,400,42000,14000,42000,28000
2026-09-22,AI Analytics Core,Latin America,32,850,300,27200,9600,27200,17600
2026-09-22,Cybersecurity Shield,North America,43,950,350,40850,15050,40850,25800
2026-09-23,AI Analytics Core,Asia-Pacific,18,850,300,15300,5400,15300,9900
2026-09-24,AI Analytics Core,Latin America,22,850,300,18700,6600,18700,12100
2026-09-24,Enterprise Cloud Suite,Asia-Pacific,2,1200,400,2400,800,2400,1600
2026-09-24,Enterprise Cloud Suite,Europe,49,1200,400,58800,19600,58800,39200
2026-09-24,Cybersecurity Shield,Asia-Pacific,18,950,350,17100,6300,17100,10800
2026-09-25,Cybersecurity Shield,Asia-Pacific,29,950,350,27550,10150,27550,17400
2026-09-25,Hardware Edge Node,Latin America,1,1500,900,1500,900,1500,600
2026-09-25,AI Analytics Core,Asia-Pacific,30,850,300,25500,9000,25500,16500
2026-09-25,Cybersecurity Shield,Europe,38,950,350,36100,13300,36100,22800
2026-09-25,Enterprise Cloud Suite,Asia-Pacific,23,1200,400,27600,9200,27600,18400
2026-09-26,Cybersecurity Shield,Latin America,37,950,350,35150,12950,35150,22200
2026-09-27,Enterprise Cloud Suite,Europe,25,1200,400,30000,10000,30000,20000
2026-09-27,Enterprise Cloud Suite,Asia-Pacific,34,1200,400,40800,13600,40800,27200
2026-09-28,AI Analytics Core,Latin America,48,850,300,40800,14400,40800,26400
2026-09-28,Enterprise Cloud Suite,North America,11,1200,400,13200,4400,13200,8800
2026-09-28,Enterprise Cloud Suite,Asia-Pacific,44,1200,400,52800,17600,52800,35200
2026-09-28,Hardware Edge Node,North America,11,1500,900,16500,9900,16500,6600
2026-09-29,Enterprise Cloud Suite,North America,31,1200,400,37200,12400,37200,24800
2026-09-29,Hardware Edge Node,North America,14,1500,900,21000,12600,21000,8400
2026-09-30,Cybersecurity Shield,North America,11,950,350,10450,3850,10450,6600
2026-09-30,Cybersecurity Shield,North America,6,950,350,5700,2100,5700,3600
2026-09-30,SaaS CRM Engine,Latin America,36,600,150,21600,5400,21600,16200
2026-09-30,AI Analytics Core,North America,13,850,300,11050,3900,11050,7150
2026-09-30,AI Analytics Core,Europe,48,850,300,40800,14400,40800,26400
